tensor_id,filename,label
465,medermycin.fasta,0
466,reveromycin.fasta,0
468,BGC0000194.fasta,0
469,alpha_lipomycin.fasta,1
470,BGC0002186.fna,1
471,cinnabaramide.fasta,1
472,BGC0001488.fna,0
473,fumitremorgin.fasta,1
474,BGC0002143.fna,0
475,BGC0000243.fna,0
476,BGC0000976.fasta,1
477,lankamycin.fasta,0
478,naphthomycin.fasta,0
479,BGC0002501.fasta,0
480,landomycin.fasta,0
481,BGC0000270.fasta,0
482,BGC0002467.fna,1
483,BGC0000476.fasta,0
484,BGC0001842.fasta,1
485,BGC0002662.fna,1
486,hygrocin.fasta,0
487,polyketomycin.fasta,0
488,BGC0002100.fna,1
489,BGC0000674.fna,0
490,enduracidin.fasta,1
491,BGC0001008.fna,0
492,scabichelin.fasta,1
493,BGC0001549_citrulassin_B.fasta,0
494,nisin_Z.fasta,0
495,benastatin.fasta,0
496,BGC0000781.fna,0
497,BGC0000182.fasta,0
498,tautomycin.fasta,0
499,BGC0001170.fasta,0
500,BGC0000840.fasta,0
501,BGC0001448_Malacidin_B.fasta,1
502,BGC0002232.fna,0
503,BGC0002133.fasta,0
504,AY167420.1.fasta,1
505,BGC0002020.fna,1
506,kendomycin.fasta,0
507,Liposidomycin.fasta,0
508,BGC0000281.fna,0
509,BGC0001659.fna,0
510,BGC0000010.fasta,0
511,BGC0001769_saquayamycin.fasta,0
512,BGC0002208.fna,1
513,migrastatin.fasta,0
514,BGC0000902.fna,0
515,BGC0001095.fasta,1
516,BGC0002139.fna,0
517,micropeptin.fasta,1
518,caerulomycin_A.fasta,1
519,BGC0001565.fasta,1
520,BGC0002527.fna,0
521,syringolin.fasta,1
522,mutacin_I.fasta,0
523,BGC0002205.fna,1
524,laidlomycin.fasta,0
525,Fosfomycin_Pseudomonas.FASTA,0
526,BGC0002239.fna,1
527,BGC0001329_Rakicidin_D.fasta,1
528,BGC0000683.fna,0
529,BGC0001692_nematophin.fasta,1
530,LC375135.1.fasta,1
531,BGC0000442.fna,1
532,BGC0001085.fasta,1
533,BGC0001848.fna,0
534,BGC0000053.fasta,0
535,BGC0001778_showdomycin.fasta,0
536,BGC0001595.fna,0
537,erdasporine.fasta,0
538,BGC0001248.fna,0
539,BGC0002354.fasta,0
540,BGC0001780_siphonazole.fasta,1
541,BGC0001312.fasta,1
542,LC495479.1.fasta,0
543,BGC0001665_methylated_acyl_phloroglucinol.fasta,0
544,BGC0002715.fna,1
545,BGC0002088.fna,0
546,alternariol.fasta,0
547,BGC0001953.fasta,1
548,acetylaranotin.fasta,1
549,BGC0001496_actinokineosin.fasta,0
550,fungisporin.fasta,1
551,marinostatin.fasta,0
552,BGC0002749.fna,1
553,collismycin_A.fasta,1
554,BGC0001823_weishanmycin.fasta,1
555,BGC0002736.fna,0
556,BGC0000788.fna,0
557,curacin.fasta,1
558,FR901464.fasta,1
559,alternapyrone.fasta,0
560,sorangicin.fasta,0
561,oxazolomycin.fasta,1
562,BGC0001835.fna,0
563,BGC0000208.fna,0
564,BGC0000634.fna,0
565,streptovaricin.fasta,0
566,nystatin.fasta,0
567,BGC0001242.fasta,0
568,pyrrolomycin.fasta,0
569,AB819321.1.fasta,1
570,BGC0001824_xefoampeptides_A_G.fasta,1
571,tallysomycin.fasta,1
572,BGC0000043.fasta,0
573,BGC0001768_sansalvamide.fasta,1
574,MN161664.1.fasta,0
575,BGC0001989.fna,0
576,BGC0001258.fasta,0
577,BGC0000188.fna,0
578,BGC0001339.fasta,0
579,salivaricin_A.fasta,0
580,rhizopodin.fasta,1
581,Desferrioxamine.fasta,0
582,BGC0002262.fna,0
583,BGC0002087.fna,1
584,BGC0002220.fna,0
585,koranimine.fasta,1
586,GE2270.fasta,0
587,lariatin.fasta,0
588,BGC0002408.fasta,1
589,BGC0000322.fasta,1
590,BGC0002274.fna,1
591,MN974405.1.fasta,0
592,BGC0001869.fna,1
593,BGC0002471.fna,0
594,neoaureothin.fasta,0
595,BGC0000746.fasta,0
596,BGC0000839.fasta,0
597,BGC0000593.fasta,0
598,BGC0000856.fasta,0
599,BGC0001757.fasta,0
600,BGC0002608.fasta,1
601,BGC0001717_okaramine_B.fasta,1
602,BGC0001577.fasta,0
603,BGC0002528.fna,1
604,BGC0001806_tolaasin.fasta,1
605,AM168450.2.fasta,1
606,BGC0001137.fna,0
607,MK685983.1.fasta,0
608,BGC0001990.fna,0
609,BGC0000362.fasta,1
610,BGC0001685.fna,0
611,BGC0000461.fasta,1
612,BGC0001843.fna,1
613,bactobolin.fasta,1
614,BGC0000912.fasta,0
615,lichenicidin.fasta,0
616,anatoxin.fasta,0
617,BGC0001402.fasta,1
618,solanapyrone.fasta,0
619,BGC0001481.fna,0
620,BGC0002571.fna,1
621,BGC0002317.fasta,0
622,BGC0000174.fasta,0
623,cycloheximide.fasta,0
624,BGC0000445.fasta,1
625,BGC0000743.fasta,0
626,BGC0000826.fasta,0
627,BGC0000727.fna,0
628,legonaridin.fasta,0
629,BGC0000132.fasta,0
630,BGC0002019.fna,0
631,BGC0001458_salinipostin.fasta,0
632,BGC0000648.fna,0
633,BGC0002158.fna,1
634,BGC0001181.fna,0
635,BGC0001996.fna,0
636,BGC0002078.fna,1
637,BGC0002135.fna,1
638,MN844187.1.fasta,0
639,chalcomycin.fasta,0
640,BGC0000666.fna,0
641,BGC0001364.fasta,0
642,BGC0002311.fasta,0
643,BGC0001174.fasta,0
644,BGC0000382.fna,1
645,BGC0000929.fna,0
646,BGC0000455.fasta,1
647,BGC0000662.fasta,0
648,BGC0001507_anantin_C.fasta,0
649,BGC0000632.fasta,0
650,puwainaphycin.fasta,1
651,BGC0001662_mediomycin_A.fasta,0
652,BGC0002216.fna,0
653,BGC0002639.fna,1
654,BGC0002217.fna,0
655,MN586816.1.fasta,0
656,BGC0002648.fna,0
657,BGC0001633.fna,0
658,BGC0001296.fasta,0
659,BGC0002515.fasta,0
660,BGC0000258.fasta,0
661,BGC0000729.fna,0
662,BGC0002177.fna,0
663,BGC0001257.fasta,0
664,BGC0002419.fasta,1
665,halstoctacosanolide.fasta,0
666,BGC0001380.fna,0
667,BGC0002096.fna,0
668,lividomycin.fasta,0
669,BGC0002048.fna,1
670,BGC0000917.fna,0
671,BGC0001992.fna,0
672,BGC0000939.fasta,0
673,KY313601.1.fasta,0
674,BGC0002437.fasta,1
675,BGC0000777.fna,0
676,BGC0001397.fasta,1
677,berninamycin.fasta,0
678,mycolactone.fasta,0
679,epoxomicin.fasta,1
680,dynemicin.fasta,0
681,KY313600.1.fasta,0
682,9-methylstreptimidone.fasta,0
683,BGC0001531_bisucaberin_B.fasta,0
684,BGC0001795.fna,0
685,BGC0001572_desferrioxamine_E.fasta,0
686,BGC0001980.fasta,1
687,BGC0002111.fasta,0
688,rubrivinodin.fasta,0
689,BGC0000244.fna,0
690,BGC0002011.fna,0
691,sevadicin.fasta,1
692,quartromycin.fasta,0
693,BGC0002040.fasta,0
694,BGC0000757.fna,0
695,BGC0000764.fna,0
696,BGC0000295.fna,1
697,BGC0001728_paenilipoheptin.fasta,1
698,actagardine.fasta,0
699,DQ174261.1.fasta,1
700,BGC0002163.fna,0
701,BGC0002237.fna,0
702,indanomycin.fasta,0
703,dactylocycline.fasta,0
704,BGC0000957.fasta,1
705,BGC0001434_nematophin.fasta,1
706,BGC0001463.fna,0
707,BGC0002118.fna,1
708,BGC0002572.fna,1
709,BGC0002610.fna,0
710,stigmatellin.fasta,1
711,LC431526.1.fasta,0
712,BGC0001550_citrulassin_D.fasta,0
713,BGC0002383.fna,0
714,BGC0002384.fasta,1
715,BGC0001485.fna,0
716,BGC0001278.fasta,0
717,BGC0001212.fasta,1
718,BGC0000741.fna,0
719,BGC0001906.fna,0
720,BGC0001394.fasta,1
721,BGC0001872.fna,0
722,BGC0000891.fna,0
723,BGC0001585_melinacidin_IV.fasta,0
724,BGC0002673.fna,0
725,BGC0001494_acinetodin.fasta,0
726,tauramamide.fasta,1
727,BGC0000660.fna,0
728,microsclerodermin.fasta,1
729,BGC0001627_isonitrile_lipopeptides.fasta,1
730,MW026651.1.fasta,0
731,BGC0001462_avoparcin.fasta,1
732,BGC0002431.fna,0
733,BGC0002161.fasta,0
734,BGC0000119.fasta,0
735,BGC0002646.fna,0
736,kanamycin.fasta,0
737,AM-toxin.fasta,1
738,aurafuron.fasta,0
739,BGC0000697.fasta,0
740,BGC0001988.fna,0
741,nosperin.fasta,1
742,BGC0001160.fasta,0
743,chaetoglobosin.fasta,1
744,coumermycin_A1.fasta,0
745,BGC0002733.fna,0
746,siomycin.fasta,0
747,BGC0001504_amycomicin.fasta,0
748,BGC0000452.fasta,1
749,BGC0002226.fna,1
750,Sangivamycin.fasta,0
751,BGC0000867.fna,0
752,dehydrophos.fasta,0
753,nigericin.fasta,0
754,BGC0002462.fna,0
755,BGC0002224.fna,0
756,BGC0002336.fna,1
757,borrelidin.fasta,0
758,BGC0002329.fna,1
759,BGC0002228.fna,1
760,BGC0001598_foxicins_A.fasta,1
761,BGC0002331.fna,0
762,BGC0002641.fna,1
763,hitachimycin.fasta,0
764,BGC0001241.fasta,0
765,BGC0002321.fna,0
766,BGC0001446_asparasone_A.fasta,0
767,BGC0001998.fna,0
768,BGC0000044.fasta,0
769,BGC0000836.fna,0
770,prodigiosin.fasta,0
771,BGC0001244.fasta,0
772,BGC0001432_myxochromide_D.fasta,1
773,BGC0001817.fna,0
774,BGC0002066.fna,1
775,thurincin_H.fasta,0
776,BGC0000222.fna,0
777,BGC0000428.fasta,1
778,BGC0001357.fasta,0
779,BGC0002669.fasta,0
780,BGC0002710.fna,1
781,BGC0001006.fasta,1
782,corallopyronin_A.fasta,1
783,BGC0000255.fasta,0
784,teicoplanin.fasta,1
785,BGC0001895.fna,0
786,d-cycloserine.fasta,0
787,Amicetin.fasta,0
788,BGC0000260.fasta,0
789,porothramycin.fasta,1
790,BhtA.fasta,0
791,BGC0001204.fasta,0
792,LC072720.1.fasta,1
793,BGC0000926.fna,0
794,BGC0002221.fna,0
795,salinilactam.fasta,0
796,BGC0001369.fasta,0
797,BGC0002340.fna,1
798,BGC0002313.fasta,0
799,BGC0001529.fna,0
800,BGC0002565.fna,1
801,BGC0000916.fna,0
802,BGC0001527.fna,0
803,BGC0002518.fasta,1
804,BGC0001641_kolossin.fasta,1
805,MK303572.1.fasta,0
806,burhizin.fasta,0
807,sirodesmin.fasta,1
808,BGC0002058.fna,1
809,friulimicin.fasta,1
810,BGC0002489.fna,0
811,grincamycin.fasta,0
812,viguiepinol_BGC_streptomyces_sp_KO-3988.fasta,0
813,BGC0001078.fna,0
814,BGC0000958.fasta,1
815,BGC0000329.fasta,1
816,BGC0000328.fasta,1
817,BGC0001250.fasta,1
818,paenicidin_B.fasta,0
819,BGC0000631.fna,0
820,BGC0001940.fna,0
821,MK321256.1.fasta,0
822,nocathiacin.fasta,0
823,BGC0002652.fna,0
824,fim.fasta,0
825,BGC0001130.fna,1
826,oligomycin.fasta,0
827,BGC0001163.fasta,0
828,BGC0000553.fasta,0
829,AY263398.1.fasta,1
830,BGC0001810.fna,0
831,BGC0001534.fna,0
832,BGC0002178.fna,1
833,BGC0000030.fasta,0
834,BGC0002214.fna,0
835,MN817126.1.fasta,1
836,BGC0001444.fna,0
837,fostriecin.fasta,0
838,BGC0000713.fasta,0
839,BGC0001802_thioholgamide_A.fasta,0
840,BGC0002495.fasta,1
841,BGC0001420.fasta,1
842,BGC0001666_microansamycins.fasta,0
843,BGC0002624.fna,1
844,BGC0000920.fna,0
845,BGC0001849.fasta,0
846,KP262070.1.fasta,1
847,zorbamycin.fasta,1
848,BGC0002378.fasta,1
849,BGC0002694.fna,0
850,BGC0001752_qinichelins.fasta,1
851,BGC0000262.fasta,0
852,MW512268.1.fasta,0
853,BGC0001727_paenilan.fasta,0
854,R1128.fasta,0
855,BGC0002582.fna,1
856,BGC0002732.fasta,0
857,BGC0001228.fasta,1
858,BGC0001004.fasta,0
859,BGC0001236.fna,0
860,BGC0002506.fasta,0
861,BGC0002127.fna,0
862,BGC0001473_Sch_18640.fasta,0
863,thienamycin.fasta,0
864,BGC0002606.fasta,1
865,BGC0002015.fasta,0
866,chlorothricin.fasta,0
867,Fosfomycin.fasta,0
868,BGC0000405.fasta,1
869,BGC0002490.fna,0
870,BGC0002119.fna,1
871,BGC0001968.fna,1
872,BGC0001672.fna,1
873,nisin_U.fasta,0
874,lobophorin.fasta,0
875,BGC0001528.fna,0
876,BGC0001218.fasta,1
877,BGC0001031.fasta,1
878,basiliskamide.fasta,0
879,BGC0000817.fna,0
880,BGC0000551.fasta,0
881,hypothemycin.fasta,0
882,BGC0001636_KK_1.fasta,1
883,FD-891.fasta,0
884,BGC0000865.fasta,0
885,BGC0001365.fasta,1
886,streptoseomycin.fasta,0
887,BGC0000191.fasta,0
888,BGC0002689.fna,1
889,AB375771.1.fasta,1
890,MN737574.1.fasta,0
891,BGC0001454.fna,0
892,BGC0001193.fasta,1
893,BGC0000294.fna,1
894,BGC0001868.fna,0
895,chondramide.fasta,1
896,BGC0001928.fna,0
897,MN480426.fasta,1
898,BGC0001775.fna,0
899,cyclomarin.fasta,1
900,BGC0001299.fasta,0
901,Fredericamycin.fasta,0
902,BK010851.1.fasta,1
903,BGC0001840.fna,1
904,patulin.fasta,0
905,incednine.fasta,0
906,platensimycin-platencin.fasta,0
907,BGC0000319.fasta,1
908,BGC0001944.fna,0
909,platinum_coelichelin.fasta,1
910,BGC0002350.fasta,1
911,BGC0001360.fasta,0
912,steffimycin.fasta,0
913,himastatin.fasta,1
914,istamycin.fasta,0
915,caulosegnin.fasta,0
916,BGC0000711.fasta,0
917,BGC0001706.fna,0
918,anglomycin.fasta,0
919,jagaricin.fasta,1
920,BGC0001808.fna,0
921,BGC0000685.fna,0
922,BGC0002297.fna,1
923,BGC0000887.fna,0
924,BGC0001146.fasta,0
925,BGC0001230.fasta,1
926,xenortide.fasta,1
927,BGC0000752.fna,0
928,BGC0000941.fasta,0
929,BGC0001580_ebelactone.fasta,0
930,A-503083.fasta,1
931,BGC0002101.fasta,0
932,MW810086.1.fasta,1
933,BGC0001429_myxochromide_S.fasta,1
934,apicidin.fasta,1
935,BGC0002123.fasta,1
936,BGC0000162.fna,0
937,oxytetracycline.fasta,0
938,BGC0002563.fna,1
939,BGC0000688.fna,0
940,BGC0002420.fasta,1
941,fortimicin.fasta,0
942,griselimycin.fasta,1
943,streptococcin_A-FF22.fasta,0
944,BGC0002219.fna,0
945,fam.fasta,0
946,spinosad.fasta,0
947,sporulation_killing_factor.fasta,0
948,BGC0002666.fna,1
949,BGC0001618_hyicin_3682.fasta,0
950,mulundocandin.fasta,1
951,MT078730.1.fasta,0
952,BGC0000387.fna,1
953,BGC0000011.fasta,0
954,BGC0002086.fasta,0
955,BGC0002555.fna,1
956,megalomicin.fasta,0
957,BGC0000989.fasta,1
958,BGC0002370.fasta,1
959,BGC0002195.fna,0
960,BGC0001341_valinomycin.fasta,1
961,sessilin.fasta,1
962,lyngbyatoxin.fasta,1
963,BGC0000380.fasta,1
964,BGC0000706.fasta,0
965,BGC0001521.fna,1
966,BGC0000643.fna,0
967,BGC0001787_suicin_3908.fasta,0
968,BGC0002227.fna,1
969,BGC0000466.fasta,1
970,BGC0002222.fna,0
971,BGC0002479.fasta,1
972,BGC0002296.fna,1
973,BGC0002044.fna,1
974,glidobactin_A.fasta,1
975,myxoprincomide.fasta,1
976,BGC0001075.fna,0
977,paenilamicin.fasta,1
978,BGC0002735.fasta,1
979,BGC0002098.fna,0
980,thanamycin.fasta,1
981,BGC0001755_reedsmycins.fasta,0
982,BGC0000848.fasta,0
983,BGC0001890.fna,1
984,plipastatin.fasta,1
985,BGC0000199.fasta,0
986,BGC0001682.fna,0
987,BGC0000815.fna,0
988,BGC0000168.fasta,0
989,BGC0002443.fna,0
990,BGC0001428.fasta,1
991,BGC0001077.fna,0
992,BGC0002687.fna,1
993,BGC0000903.fna,0
994,anabaenopeptin.fasta,1
995,BGC0002082.fna,1
996,BGC0000485.fasta,0
997,BGC0002300.fna,1
998,BGC0001723.fasta,0
999,BGC0000927.fna,0
1000,macbecin.fasta,0
1001,BGC0001579_duramycin.fasta,0
1002,BGC0002233.fna,0
1003,jawsamycin.fasta,1
1004,BGC0001608_glidopeptin.fasta,1
1005,BGC0000945.fna,0
1006,BGC0001200.fasta,0
1007,hatomarubigin.fasta,0
1008,BGC0000659.fna,0
1009,BGC0002474.fasta,1
1010,clifednamide.fasta,1
1011,BGC0001922.fna,0
1012,BGC0001760_rimosamide.fasta,1
1013,BGC0002203.fna,1
1014,lacticin.fasta,0
1015,BGC0001777.fna,0
1016,GE37468.fasta,0
1017,kalimantacin.fasta,1
1018,neoabyssomincin_abyssomicin.fasta,0
1019,mutacin_III.fasta,0
1020,BGC0001516.fna,1
1021,BGC0000200.fasta,0
1022,lavendiol.fasta,0
1023,BGC0002260.fna,0
1024,tetracenomyin.fasta,0
1025,BGC0001376.fasta,0
1026,BGC0002185.fna,0
1027,BGC0002073.fasta,1
1028,luminmycin.fasta,1
1029,BGC0000446.fasta,1
1030,BGC0002212.fna,0
1031,BGC0001178.fasta,1
1032,BGC0001519_aurantimycin.fasta,1
1033,BGC0001797_telomestatin.fasta,0
1034,BGC0001828_zincophorin.fasta,0
1035,BGC0002116.fasta,0
1036,BGC0001113.fasta,1
1037,cerecidin.fasta,0
1038,BGC0000441.fasta,1
1039,meilingmycin.fasta,0
1040,BGC0002485.fasta,0
1041,BGC0002114.fna,1
1042,citrinin.fasta,0
1043,BGC0002036.fna,0
1044,cervimycin.fasta,0
1045,BGC0000795.fna,0
1046,BGC0001367.fasta,1
1047,BGC0001467_Hapalosin.fasta,1
1048,platinum_BGC0000068.fasta,0
1049,BGC0002643.fna,0
1050,syringafactin.fasta,1
1051,BGC0002517.fna,0
1052,BGC0000909.fasta,0
1053,BGC0001410.fna,0
1054,BGC0002236.fna,0
1055,LC529898.1.fasta,1
1056,BGC0002429.fna,0
1057,BGC0002505.fna,1
1058,BGC0001986.fna,0
1059,BGC0000285.fna,0
1060,thiocillin.fasta,0
1061,BGC0000884.fasta,0
1062,malleilactone.fasta,1
1063,BGC0001884.fna,1
1064,BGC0001505_anacyclamide_D8P.fasta,0
1065,concanamycin_A.fasta,0
1066,BGC0000684.fasta,0
1067,BGC0001345.fasta,1
1068,BGC0000616.fasta,0
1069,BGC0000861.fasta,0
1070,natamycin.fasta,0
1071,BGC0001562_curacomycin.fasta,1
1072,BGC0001907.fna,0
1073,BGC0000607.fasta,0
1074,BGC0001571.fna,0
1075,BGC0000942.fna,0
1076,BGC0001074.fasta,0
1077,BGC0001836.fasta,0
1078,BGC0002473.fna,1
1079,BGC0001348.fasta,0
1080,BGC0000756.fna,0
1081,AF-toxin.fasta,0
1082,BGC0001556.fna,1
1083,saquayamycin.fasta,0
1084,lobosamide.fasta,0
1085,BGC0000906.fna,0
1086,BGC0000546.fasta,0
1087,BGC0002423.fna,0
1088,BGC0000907.fasta,0
1089,BGC0002543.fasta,1
1090,BGC0002539.fasta,0
1091,streptolydigin.fasta,1
1092,BGC0000725.fna,0
1093,kosinostatin.fasta,1
1094,BGC0001149.fasta,1
1095,BGC0000789.fna,0
1096,BGC0002165.fasta,0
1097,gobichelin.fasta,1
1098,BGC0002211.fna,0
1099,BGC0001792_surugamide_D.fasta,1
1100,borregomycin.fasta,0
1101,fumagillin.fasta,0
1102,ruminococcin.fasta,0
1103,BGC0001888.fna,0
1104,BGC0000716.fna,0
1105,BGC0001245.fasta,0
1106,BGC0002468.fna,1
1107,Cytorhodin_Y.fasta,0
1108,BK010645.1.fasta,0
1109,BGC0002525.fasta,0
1110,Pikromycin.fasta,0
1111,BGC0000720.fasta,0
1112,mycinamicin.fasta,0
1113,BGC0000922.fna,0
1114,BGC0001068.fasta,0
1115,BGC0000635.fna,0
1116,BGC0002616.fasta,0
1117,BGC0001703_nocuolin_A.fasta,0
1118,BGC0001084.fasta,1
1119,BGC0002126.fna,1
1120,BGC0001343.fasta,0
1121,BGC0002638.fna,1
1122,BGC0000690.fasta,0
1123,andrimid.fasta,1
1124,BGC0001972.fna,0
1125,BGC0002097.fna,1
1126,xenocoumacin.fasta,1
1127,BGC0001829_alpha_beta_epoxyketone.fasta,1
1128,BGC0000437.fasta,1
1129,BGC0000986.fasta,1
1130,BGC0002157.fna,1
1131,BGC0002047.fasta,0
1132,BGC0002264.fna,1
1133,BGC0002531.fna,1
1134,blasticidin.fasta,0
1135,BGC0002428.fna,0
1136,BGC0002695.fna,1
1137,BGC0000063.fasta,0
1138,MT149903.1.fasta,0
1139,putisolvin.fasta,1
1140,radicicol.fasta,0
1141,BGC0000630.fna,0
1142,jerangolid.fasta,0
1143,BGC0000999.fasta,1
1144,BGC0000340.fna,1
1145,enterocin_AS-48.fasta,0
1146,mersacidin.fasta,0
1147,lactimidomycin.fasta,0
1148,BGC0001372.fasta,0
1149,MT417183.1.fasta,1
1150,BGC0000677.fna,0
1151,BGC0000724.fasta,0
1152,MT431590.1.fasta,1
1153,BGC0002079.fna,1
1154,BGC0000006.fasta,0
1155,BGC0000067.fasta,0
1156,BGC0000248.fasta,0
1157,tubulysin.fasta,1
1158,BGC0001532.fasta,1
1159,BGC0000870.fna,0
1160,BE-7585A.fasta,0
1161,BGC0001375.fna,0
1162,MT210103.1.fasta,0
1163,BGC0001624.fna,0
1164,BGC0001611_guangnanmycin.fasta,1
1165,Toyocamycin.fasta,0
1166,BGC0000914.fasta,0
1167,enterocin.fasta,0
1168,BGC0001970.fna,1
1169,BGC0000272.fna,0
1170,BGC0002327.fna,1
1171,BGC0001379.fasta,1
1172,BGC0002680.fna,1
1173,BGC0001493_achromosin.fasta,0
1174,BGC0002291.fna,0
1175,BGC0000762.fna,0
1176,BGC0002160.fna,1
1177,elloramycin.fasta,0
1178,BGC0000937.fna,0
1179,BGC0001750_pyrronazol_B.fasta,1
1180,BGC0001753_globimycin.fasta,0
1181,BGC0001954.fna,1
1182,BGC0000763.fna,0
1183,BGC0001951.fna,1
1184,BGC0000857.fasta,0
1185,niddamycin.fasta,0
1186,BGC0001857.fna,1
1187,KC181865.1.fasta,1
1188,BGC0001725.fna,0
1189,MN170532.1.fasta,0
1190,BGC0002546.fna,1
1191,planosporicin.fasta,0
1192,BGC0002198.fna,1
1193,BGC0000371.fasta,1
1194,Phosphothricin.fasta,1
1195,MN901947.1.fasta,0
1196,BGC0002434.fna,1
1197,BGC0002538.fna,0
1198,BGC0000871.fna,0
1199,BGC0002591.fna,0
1200,BGC0002089.fasta,1
1201,BGC0001331_BE_43547A1.fasta,1
1202,mycobactin.fasta,1
1203,mycosubtilin.fasta,1
1204,BGC0000385.fna,1
1205,BGC0001305.fasta,0
1206,MN604040.1.fasta,0
1207,BGC0002731.fna,0
1208,BGC0001789_suicin_90_1330.fasta,0
1209,BGC0001604.fna,0
1210,BGC0001358.fasta,1
1211,BGC0001876.fna,1
1212,BGC0002266.fna,0
1213,complestatin.fasta,1
1214,BGC0002244.fna,0
1215,BGC0002444.fna,0
1216,BGC0000730.fna,0
1217,patellin.fasta,0
1218,BGC0001484.fna,0
1219,BGC0002376.fna,0
1220,BGC0001642.fna,0
1221,BGC0000016.fasta,0
1222,BGC0002024.fna,0
1223,BGC0001404.fasta,0
1224,BGC0000657.fna,0
1225,xanthomonin.fasta,0
1226,BGC0001696_neothioviridamide.fasta,0
1227,BGC0000943.fna,0
1228,BGC0002716.fna,1
1229,BGC0001400.fasta,0
1230,BGC0002109.fna,1
1231,compactin.fasta,0
1232,BGC0001788_suicin_65.fasta,0
1233,BGC0001019.fasta,1
1234,BGC0002138.fna,0
1235,BGC0000811.fna,0
1236,BGC0001213.fasta,0
1237,BGC0001588.fna,0
1238,BGC0001576_divamide_A.fasta,0
1239,rhodochelin.fasta,1
1240,burkholdac.fasta,1
1241,BGC0000561.fasta,0
1242,BGC0001477_lydicamycin.fasta,1
1243,BGC0000910.fasta,0
1244,BGC0002193.fna,0
1245,BGC0002213.fna,0
1246,paenilarvin.fasta,1
1247,BGC0001043.fasta,1
1248,BGC0001614_hassallidin_E.fasta,1
1249,BGC0000813.fasta,0
1250,BGC0000196.fasta,0
1251,platinum_cupriachelin.fasta,1
1252,BGC0000748.fasta,0
1253,BGC0000678.fna,0
1254,BGC0001713_ochrobactin.fasta,0
1255,BGC0002225.fna,0
1256,naphthopyrone.fasta,0
1257,thailanstatin.fasta,1
1258,MT588114.1.fasta,1
1259,BGC0001246.fasta,0
1260,BGC0002382.fasta,0
1261,BGC0000703.fasta,0
1262,BGC0000980.fasta,1
1263,BGC0001812_tylactone.fasta,0
1264,BGC0000125.fasta,0
1265,BGC0000386.fasta,1
1266,rifamycin.fasta,0
1267,BGC0002435.fasta,0
1268,BGC0002567.fna,0
1269,BGC0002181.fna,0
1270,BGC0000852.fasta,0
1271,BGC0001156.fasta,0
1272,BGC0000214.fasta,0
1273,BGC0002609.fasta,1
1274,BGC0002256.fna,1
1275,MK-449.fasta,0
1276,grisemycin.fasta,0
1277,BGC0001196.fasta,1
1278,BGC0001735.fna,0
1279,BGC0001610.fna,0
1280,hygromycin_B.fasta,0
1281,BGC0000873.fasta,0
1282,BGC0001893.fna,0
1283,meridamycin.fasta,1
1284,BGC0000638.fna,0
1285,thailandamide.fasta,1
1286,BGC0001681.fna,0
1287,BGC0001452_Sipanmycin.fasta,0
1288,BGC0001995.fna,0
1289,BGC0002063.fna,0
1290,BGC0002021.fna,0
1291,novobiocin.fasta,0
1292,BGC0000918.fna,0
1293,BGC0001746.fna,0
1294,gentamicin.fasta,0
1295,BGC0001899.fna,0
1296,BGC0000787.fna,0
1297,asperfuranone.fasta,0
1298,BGC0001423_myxochromide_C.fasta.txt,1
1299,MN296090.1.fasta,0
1300,MH763624.1.fasta,0
1301,fil.fasta,0
1302,pladienolide.fasta,0
1303,BGC0000309.fasta,1
1304,BGC0001640.fasta,0
1305,ebelactone.fasta,0
1306,BGC0002417.fna,1
1307,BGC0000940.fasta,0
1308,Violacein.fasta,0
1309,BGC0001415.fasta,1
1310,MK483114.1.fasta,1
1311,BGC0001573_dihydrolysergic_acid.fasta,0
1312,BGC0001053.fasta,1
1313,legioliulin.fasta,0
1314,BGC0001850.fna,0
1315,BGC0001737_phenalamide.fasta,1
1316,MH844630.1.fasta,1
1317,BGC0002559.fna,0
1318,BGC0002361.fna,0
1319,BGC0002476.fasta,1
1320,cyclopiazonic_acid.fasta,1
1321,BGC0002535.fna,1
1322,BGC0001489_6_hydroxymellein.fasta,0
1323,BGC0001275.fasta,0
1324,MK551162.1.fasta,1
1325,BGC0002002.fna,1
1326,BGC0000785.fna,0
1327,BGC0001277.fasta,0
1328,aspyridone.fasta,1
1329,BGC0001628_JBIR_95.fasta,1
1330,BGC0000645.fna,0
1331,tiancimycin_BGC0001378.fasta,0
1332,BGC0002194.fna,0
1333,BGC0000728.fna,0
1334,BGC0001845.fna,1
1335,BGC0001902.fna,1
1336,BGC0000652.fna,0
1337,BGC0000944.fna,0
1338,BGC0000004.fasta,0
1339,BGC0001197.fasta,0
1340,BGC0002062.fna,0
1341,BGC0000686.fna,0
1342,BGC0002719.fna,1
1343,BGC0002450.fna,0
1344,BGC0001631_kasumigamide.fasta,1
1345,monensin.fasta,0
1346,BGC0002037.fna,1
1347,BGC0002612.fna,0
1348,BGC0002597.fna,1
1349,BGC0002613.fasta,1
1350,BGC0001575_dipeptide_aldehydes.fasta,1
1351,BGC0001705.fasta,1
1352,BGC0001865.fna,0
1353,BGC0002623.fna,1
1354,BGC0001425_Myxochromide_A.fasta,1
1355,BGC0000735.fna,0
1356,swainsonine_Alternaria_oxytropis.fasta,1
1357,BGC0001201.fna,0
1358,BGC0002249.fna,0
1359,BGC0000946.fna,0
1360,BGC0000985.fasta,1
1361,Y16952.3.fasta,1
1362,BGC0002493.fasta,1
1363,BGC0001699_nidulanin_A.fasta,1
1364,circularin.fasta,0
1365,BGC0000207.fasta,0
1366,BGC0001987.fna,0
1367,BGC0002324.fasta,1
1368,BGC0001693_nenestatin.fasta,0
1369,aeruginosamide.fasta,0
1370,MK932017.1.fasta,0
1371,BGC0001403.fasta,0
1372,BGC0002167.fna,1
1373,BGC0002632.fna,1
1374,BGC0001634_keywimysin.fasta,0
1375,BGC0000742.fasta,0
1376,myxothiazol.fasta,1
1377,BGC0001249.fasta,1
1378,azalomycin_F.fasta,0
1379,candicidin.fasta,1
1380,MW298647.1.fasta,1
1381,BGC0000149.fasta,0
1382,MH104947.1.fasta,1
1383,BGC0001284.fasta,0
1384,kinamycin.fasta,0
1385,pyoluteorin.fasta,0
1386,BGC0002446.fna,0
1387,BGC0001657_lysocin.fasta,1
1388,BGC0000800.fna,0
1389,BGC0002458.fasta,1
1390,BGC0002676.fna,1
1391,BGC0000404.fasta,1
1392,BGC0002326.fna,1
1393,BGC0001468_Bicyclomycin.fasta,0
1394,BGC0001361.fna,0
1395,BGC0000375.fna,1
1396,BGC0000008.fasta,0
1397,aureobasidin.fasta,1
1398,Sceliphrolactam.fasta,0
1399,BGC0002043.fasta,0
1400,Puromycin.fasta,0
1401,BGC0001569_dechlorocuracomycin.fasta,1
1402,BGC0002122.fna,1
1403,BGC0002449.fna,0
1404,BGC0000739.fna,0
1405,pyranonigrin.fasta,0
1406,BGC0001182.fasta,1
1407,streptide.fasta,0
1408,BGC0001461_Nogabecin.fasta,1
1409,BGC0000647.fna,0
1410,chivosazol.fasta,1
1411,BGC0001801_isopyochelin.fasta,1
1412,BGC0001214.fasta,1
1413,yanuthone_D.fasta,0
1414,BGC0001459_decaplanin.fasta,1
1415,cichofactin.fasta,1
1416,BGC0002483.fna,0
1417,BGC0002461.fna,0
1418,BGC0002031.fna,0
1419,BGC0001109.fasta,1
1420,BGC0002745.fna,0
1421,BGC0002604.fna,0
1422,BGC0001405.fasta,0
1423,BGC0002636.fna,0
1424,BGC0001739_phosphonoacetic_Acid.fasta,0
1425,BGC0001447.fna,0
1426,BGC0002270.fasta,1
1427,tenellin.fasta,1
1428,BGC0001266.fasta,0
1429,BGC0001147.fasta,1
1430,BGC0002032.fasta,0
1431,BGC0001302.fasta,0
1432,BGC0002288.fna,1
1433,BGC0001950.fna,1
1434,BGC0002075.fna,1
1435,BGC0002619.fasta,0
1436,clorobiocin.fasta,0
1437,BGC0001870.fasta,0
1438,BGC0002209.fna,0
1439,BGC0002223.fna,0
1440,BGC0002196.fna,0
1441,BGC0002010.fna,1
1442,ambruticin.fasta,0
1443,BGC0002295.fasta,1
1444,BGC0001545_chrysogine.fasta,1
1445,BGC0002499.fna,1
1446,BGC0000733.fna,0
1447,ristocetin.fasta,1
1448,BGC0001926.fna,0
1449,BGC0002142.fna,0
1450,BGC0002091.fasta,1
1451,BGC0000707.fasta,0
1452,BGC0001255.fasta,1
1453,spiruchostatin.fasta,1
1454,Microcin_B17.fasta,0
1455,BGC0002124.fna,0
1456,BGC0001686_N_octanoyl_Met_Phe_H.fasta,1
1457,malbrancheamide.fasta,1
1458,BGC0001664.fna,0
1459,BGC0000116.fasta,0
1460,limazepine.fasta,1
1461,BGC0002120.fasta,0
1462,tetronate_RK-682.fasta,0
1463,BGC0001558_cosmomycin_C.fasta,0
1464,BGC0000621.fasta,0
1465,macedocin.fasta,0
1466,BGC0001856.fna,0
1467,BGC0001567_cysteoamide.fasta,1
1468,BGC0002465.fna,1
1469,fuscachelin.fasta,1
1470,BGC0002415.fasta,1
1471,astexin-1.fasta,0
1472,BGC0001227.fna,0
1473,herbimycin.fasta,0
1474,BGC0002363.fasta,0
1475,paenicidin_A.fasta,0
1476,cypemycin.fasta,0
1477,lankacidin.fasta,1
1478,BGC0002542.fna,1
1479,staurosporine.fasta,0
1480,rapamycin.fasta,1
1481,midecamycin.fasta,0
1482,BGC0001587.fna,0
1483,BGC0000901.fasta,0
1484,BGC0002433.fna,1
1485,BGC0001371.fasta,1
1486,BGC0001811.fna,0
1487,BGC0001560_cryptomaldamide.fasta,1
1488,MT318810.1.fasta,0
1489,BGC0000954.fasta,1
1490,BGC0002464.fna,0
1491,BGC0002162.fna,0
1492,BGC0001994.fna,0
1493,roquefortine_C.fasta,1
1494,BGC0001668.fna,1
1495,actinonin_BGC0001442.fasta,1
1496,BGC0001080.fasta,0
1497,BGC0001332_microtermolide_A.fasta,1
1498,MK501817.1.fasta,0
1499,BGC0001063.fasta,1
1500,BGC0000766.fna,0
1501,BGC0001150.fna,0
1502,BGC0001730_paramagnetoquinone.fasta,0
1503,BGC0000297.fasta,1
1504,Caprazamycin.fasta,0
1505,BGC0001512_anthrabenzoxocinone.fasta,0
1506,BGC0002246.fna,0
1507,Scytophycin_C.fasta,0
1508,BGC0002478.fasta,0
1509,MK806444.1.fasta,0
1510,BGC0001749_pyriculol.fasta,0
1511,MT799798.1.fasta,0
1512,BGC0001235.fasta,1
1513,BGC0001211.fasta,1
1514,HM756254.1.fasta,1
1515,onnamide.fasta,1
1516,MT149901.1.fasta,1
1517,stambomycin.fasta,0
1518,BGC0000775.fna,0
1519,BGC0000760.fna,0
1520,HQ680975.1.fasta,0
1521,BGC0000705.fasta,0
1522,MT876545.1.fasta,1
1523,BGC0002206.fna,0
1524,BGC0002365.fna,0
1525,BGC0000656.fasta,0
1526,piericidin_A1.fasta,0
1527,Cyanopeptolin1138.FASTA,1
1528,BGC0002657.fna,1
1529,aranciamycin.fasta,0
1530,sterigmatocystin.fasta,0
1531,MK551161.1.fasta,1
1532,Sch_47554.fasta,0
1533,cystothiazole_A.fasta,1
1534,BGC0001464.fna,0
1535,BGC0002660.fna,1
1536,BGC0001716_odilorhabdins.fasta,1
1537,BGC0002254.fasta,0
1538,a201a.fasta,0
1539,BGC0001252.fasta,0
1540,BGC0002507.fna,0
1541,anthramycin.fasta,1
1542,BGC0002278.fna,1
1543,BGC0002686.fna,1
1544,BGC0001478.fasta,0
1545,NZ_MSGP01000218.1.fasta,0
1546,BGC0000399.fasta,1
1547,lactazole.fasta,0
1548,BGC0002697.fna,1
1549,thiomuracin.fasta,0
1550,BGC0001418_myxochromide_D.fasta,1
1551,aculeximycin.fasta,0
1552,BGC0002170.fna,0
1553,BGC0001480.fna,0
1554,BGC0001533.fasta,0
1555,BGC0002536.fasta,1
1556,BK010647.1.fasta,1
1557,BGC0000689.fasta,0
1558,aeruginosin.fasta,1
1559,BGC0001373.fasta,0
1560,ericin_A.fasta,0
1561,BGC0000965.fasta,0
1562,BGC0001894.fna,0
1563,MN396889.1.fasta,0
1564,BGC0001162.fasta,0
1565,BGC0001041.fasta,1
1566,epicidin.fasta,0
1567,nisin_q.fasta,0
1568,BGC0002691.fna,1
1569,glycocin_f.fasta,0
1570,BGC0001945.fna,1
1571,BGC0000277.fasta,0
1572,LC349994.1.fasta,0
1573,BGC0001675_murayaquinone.fasta,0
1574,tenuecyclamide.fasta,0
1575,BGC0002496.fasta,1
1576,BGC0002594.fna,0
1577,BGC0001288.fasta,0
1578,BGC0002342.fasta,1
1579,nocardicin_A.fasta,1
1580,BGC0000481.fasta,0
1581,BGC0001441.fna,0
1582,fumiquinazoline.fasta,1
1583,BGC0002357.fna,0
1584,BGC0001873.fasta,1
1585,BGC0002411.fna,1
1586,anacyclamids.fasta,0
1587,BGC0001168.fna,1
1588,kijanimicin.fasta,0
1589,BGC0002166.fna,1
1590,BGC0002530.fna,1
1591,BGC0001971.fna,1
1592,MH243323.1.fasta,1
1593,BGC0002348.fna,1
1594,BGC0000868.fna,0
1595,BGC0001991.fna,0
1596,streptothricin.fasta,1
1597,BGC0000514.fasta,0
1598,BGC0002569.fasta,1
1599,BGC0001330_BE_43547C1.fasta,1
1600,platinum_echinomycin.fasta,1
1601,KJ502174.1.fasta,1
1602,BGC0000193.fasta,0
1603,BGC0000447.fasta,1
1604,cyanopeptolin.fasta,1
1605,terrein.fasta,0
1606,BGC0001782_lynamicins.fasta,0
1607,BGC0001471_saalfelduracin.fasta,0
1608,BGC0002218.fasta,0
1609,BGC0001897.fna,0
1610,resistomycin.fasta,0
1611,BGC0000118.fasta,0
1612,monacolin.fasta,0
1613,BGC0000755.fna,0
1614,BGC0001786_subterisin.fasta,0
1615,BGC0000315.fasta,1
1616,BGC0000087.fasta,0
1617,BGC0000947.fna,0
1618,BGC0000991.fasta,1
1619,BGC0000433.fasta,1
1620,BGC0000772.fna,0
1621,BGC0002085.fna,0
1622,BGC0002438.fasta,0
1623,KX437753.1.fasta,1
1624,BGC0001741_phyllostictine_A.fasta,1
1625,Argimycin_P.fasta,0
1626,BGC0001509_anikasin.fasta,1
1627,epilancin_15X.fasta,0
1628,MT633092.1.fasta,0
1629,BGC0000025.fasta,0
1630,BGC0002302.fna,0
1631,BGC0002560.fasta,0
1632,BGC0002141.fasta,0
1633,K-252a.fasta,0
1634,serobactin.fasta,1
1635,BGC0001667.fasta,1
1636,NG-391.fasta,1
1637,chlorizidine_A.fasta,1
1638,platinum_fimsbactin.fasta,1
1639,BGC0001508_andrastin_A.fasta,0
1640,BGC0001896.fna,0
1641,BGC0001449_ucs1025a.fasta,1
1642,venezuelin.fasta,0
1643,BGC0002529.fna,1
1644,BGC0002289.fasta,0
1645,BGC0001563_curvupallides.fasta,1
1646,BGC0001620_ilamycins.fasta,1
1647,BGC0001583_emodin.fasta,0
1648,BGC0001225.fna,1
1649,BGC0002681.fna,0
1650,xantholipin.fasta,0
1651,BGC0001424_myxochromide_C.fasta,1
1652,BGC0001767_salinichelins.fasta,1
1653,BGC0001923.fna,0
1654,BGC0001586.fna,0
1655,BGC0001384.fasta,0
1656,BGC0002598.fasta,0
1657,BGC0001720_oosporein.fasta,0
1658,BGC0001891.fna,0
1659,butyrivibriocin_OR79.fasta,0
1660,BGC0002734.fna,0
1661,oocydin.fasta,1
1662,BGC0001187.fasta,1
1663,platinum_BGC0000287.fasta,1
1664,pestheic_acid.fasta,0
1665,BGC0001582_ecumicin.fasta,1
1666,BGC0001707_nosiheptide.fasta,0
1667,BGC0002570.fasta,1
1668,MZ151497.1.fasta,0
1669,BGC0002387.fasta,0
1670,BGC0002585.fna,0
1671,BGC0002064.fasta,0
1672,BGC0000469.fasta,0
1673,BGC0001013.fasta,1
1674,rebeccamycin.fasta,0
1675,BGC0000265.fasta,0
1676,skyllamycin.fasta,1
1677,BGC0001537_butyrolactol_A.fasta,0
1678,nunapeptin_nunamycin_BGC0001416.fasta.txt,1
1679,phenylnannolone.fasta,0
1680,azicemicin.fasta,0
1681,BGC0001966.fna,1
1682,erythrochelin.fasta,1
1683,luminaolide.fasta,0
1684,smb_ab.fasta,0
1685,BGC0001148.fasta,1
1686,BGC0002414.fasta,1
1687,BGC0001821_verticillins.fasta,1
1688,BGC0000691.fna,0
1689,BGC0000430.fasta,1
1690,BGC0002253.fasta,0
1691,etnangien.fasta,0
1692,BGC0001419.fasta,1
1693,BGC0000427.fna,1
1694,orfamide.fasta,1
1695,BGC0002709.fna,0
1696,BGC0001082.fna,0
1697,BGC0001502_amonabactin.fasta,1
1698,subtilosin.fasta,0
1699,BGC0002487.fna,0
1700,BGC0002690.fna,0
1701,BGC0002169.fna,1
1702,erythromycin.fasta,0
1703,FN821996.1.fasta,1
1704,BGC0000932.fna,0
1705,BGC0002466.fna,1
1706,BGC0001430.fasta,1
1707,BGC0002067.fna,1
1708,BGC0001134.fasta,0
1709,BGC0001931.fna,0
1710,BGC0000201.fasta,0
1711,BGC0001524_barnesin_A.fasta,1
1712,BGC0000334.fasta,1
1713,MZ182273.1.fasta,0
1714,BGC0001281.fasta,0
1715,BGC0001952.fasta,1
1716,BGC0001128.fasta,1
1717,Mildiomycin.fasta,0
1718,BGC0001965.fna,0
1719,BGC0000213.fasta,0
1720,lactocin_S.fasta,0
1721,BGC0001669_microvionin.fasta,0
1722,A-90289.fasta,0
1723,MW386996.1.fasta,0
1724,butyrivibriocin_AR10.fasta,0
1725,BGC0001911.fna,0
1726,cremimycin.fasta,0
1727,BGC0000863.fasta,0
1728,BGC0000744.fasta,0
1729,chondrochlorens.fasta,1
1730,cylindrospermopsin.fasta,1
1731,BGC0000633.fna,0
1732,BGC0002028.fna,0
1733,tautomycetin.fasta,0
1734,BGC0001476.fna,0
1735,BGC0000019.fasta,0
1736,BGC0001709.fasta,0
1737,platinum_mirubactin.fasta,1
1738,chaxapeptin.fasta,0
1739,BGC0000831.fasta,0
1740,BGC0000336.fasta,1
1741,BGC0001198.fna,0
1742,BGC0001609_gliovirin.fasta,1
1743,BGC0002522.fasta,1
1744,BGC0001366.fasta,0
1745,Obafluorin.fasta,1
1746,BGC0000876.fna,0
1747,BGC0000780.fna,0
1748,hygromycin_A.fasta,0
1749,garvicin_ML.fasta,0
1750,MH534949.1.fasta,0
1751,BGC0002614.fna,1
1752,BGC0001276.fasta,0
1753,BGC0001492_abyssomicins_M_X.fasta,0
1754,tetarimycin.fasta,0
1755,BGC0000753.fna,0
1756,BGC0001145.fasta,0
1757,BGC0000408.fasta,1
1758,BGC0001387.fna,0
1759,BGC0001616.fna,1
1760,BGC0002148.fna,0
1761,BGC0000372.fasta,1
1762,BGC0000041.fasta,0
1763,gephyronic_acid.fasta,0
1764,heronamide.fasta,1
1765,BGC0001645_lagmysin.fasta,0
1766,BGC0002146.fna,1
1767,BGC0001383.fasta,0
1768,BGC0001399.fasta,1
1769,salinosporamide_A.fasta,1
1770,BGC0001286.fna,0
1771,MK410434.1.fasta,0
1772,MT994315.1.fasta,0
1773,mannopeptimycin.fasta,1
1774,BGC0000467.fasta,1
1775,BGC0001809.fna,0
1776,BGC0002076.fna,0
1777,BGC0000054.fasta,0
1778,BGC0001304.fasta,0
1779,BGC0001469_marthiapeptide_A.fasta,1
1780,BGC0001623_ishigamide.fasta,1
1781,BGC0002729.fna,0
1782,sanglifehrin_A.fasta,1
1783,thuricin_CD.fasta,0
1784,BGC0000913.fna,0
1785,BGC0001976.fna,0
1786,BGC0001132.fasta,1
1787,BGC0002303.fasta,0
1788,BGC0002322.fna,0
1789,BGC0001774.fna,0
1790,paenibacterin.fasta,1
1791,BGC0001700_niphimycins_C_E.fasta,0
1792,BGC0002106.fasta,0
1793,BGC0002637.fna,1
1794,MN724927.1.fasta,0
1795,BGC0000131.fasta,0
1796,BGC0000791.fna,0
1797,esmeraldin.fasta,0
1798,BGC0001251.fasta,1
1799,paromomycin.fasta,0
1800,BGC0000774.fna,0
1801,BGC0000271.fna,0
1802,BGC0001711_occidiofungin.fasta,1
1803,BGC0002061.fasta,1
1804,BGC0001295.fna,0
1805,MT239445.1.fasta,0
1806,kutznerides.fasta,1
1807,BGC0000421.fasta,1
1808,BGC0001280.fasta,0
1809,MK251553.1.fasta,0
1810,BGC0001260.fna,0
1811,BGC0000862.fasta,0
1812,nemadectin.fasta,0
1813,tryptoquialanine.fasta,1
1814,BGC0002692.fna,0
1815,BGC0000854.fasta,0
1816,BGC0002018.fna,0
1817,BGC0000050.fasta,0
1818,A54145.fasta,1
1819,BGC0002409.fna,1
1820,BGC0002645.fna,0
1821,BGC0002235.fna,1
1822,Sulfazecin.fasta,1
1823,BGC0001600_fusarielin_H.fasta,0
1824,BGC0002353.fasta,0
1825,BGC0000898.fasta,0
1826,neosartoricin.fasta,0
1827,BGC0001377.fasta,0
1828,BGC0000296.fasta,1
1829,BGC0000578.fasta,0
1830,BGC0001683.fna,0
1831,BGC0001131_Ambactin.fasta,1
1832,BGC0002682.fna,0
1833,BGC0001338.fasta,0
1834,xenovulene.fasta,0
1835,BGC0000758.fna,0
1836,BGC0002452.fna,0
1837,azaphilone.fasta,0
1838,BGC0002578.fna,0
1839,BGC0002132.fna,0
1840,difficidin.fasta,0
1841,BGC0001079.fna,0
1842,BGC0002257.fna,0
1843,BGC0000259.fasta,0
1844,nosiheptide.fasta,0
1845,kedarcidin.fasta,1
1846,BGC0001455.fna,1
1847,BGC0001736.fna,1
1848,BGC0000799.fna,0
1849,BGC0000701.fna,0
1850,BGC0001216.fasta,1
1851,BGC0000888.fasta,0
1852,MZ222135.1.fasta,0
1853,BGC0001548_citrulassin_A.fasta,0
1854,paenibactin.fasta,1
1855,BGC0001647_lagunapyrone_C.fasta,0
1856,BGC0002175.fasta,0
1857,BGC0001393.fasta,1
1858,BGC0000866.fna,0
1859,pendolmycin.fasta,1
1860,bicornutin.fasta,1
1861,BGC0000056.fasta,0
1862,BGC0001155.fasta,0
1863,MZ150741.1.fasta,0
1864,BGC0002188.fna,1
1865,BGC0000351.fna,1
1866,albonoursin.fasta,0
1867,Fluvirucin.fasta,0
1868,BGC0000784.fna,0
1869,BGC0000736.fna,0
1870,BGC0001226_fixed.fasta,0
1871,BGC0002199.fna,0
1872,ambiguine.fasta,0
1873,BGC0001851.fna,0
1874,paenibacillin.fasta,0
1875,BGC0002173.fna,0
1876,cinerubin.fasta,0
1877,BGC0000732.fna,0
1878,BGC0002725.fasta,0
1879,welwitindolinone.fasta,0
1880,swainsonine_Chaetothyriaceae_sp.fasta,1
1881,BGC0000478.fasta,0
1882,BGC0001759_rifamorpholines.fasta,0
1883,MZ165589.1.fasta,1
1884,BGC0002016.fna,0
1885,BGC0001592_ferroverdin.fasta,0
1886,BGC0001761_ripostatin_B.fasta,0
1887,pacidamycin.fasta,1
1888,BGC0002084.fasta,0
1889,BGC0002602.fna,0
1890,BGC0002416.fasta,1
1891,BGC0000768.fna,0
1892,BGC0000694.fasta,0
1893,BGC0001663_merocyclophane_D.fasta,0
1894,BGC0001937.fna,0
1895,A47934.fasta,1
1896,BGC0001221.fna,0
1897,griseofulvin.fasta,0
1898,lactonamycin.fasta,0
1899,warkmycin.fasta,0
1900,BGC0001561_curacomycin.fasta,1
1901,AF210249.1.fasta,1
1902,gulmirecin.fasta,0
1903,BGC0000723.fna,0
1904,hormaomycin.fasta,1
1905,microcyclamide.fasta,0
1906,BGC0000783.fna,0
1907,BGC0002049.fasta,0
1908,KY682079.1.fasta,0
1909,BGC0001920.fasta,0
1910,BGC0001599_fragin.fasta,1
1911,BGC0001465.fna,0
1912,BGC0002060.fna,0
1913,BGC0001016.fasta,1
1914,BGC0001875.fna,0
1915,BGC0002344.fasta,1
1916,chromomycin.fasta,0
1917,BGC0001904.fna,0
1918,BGC0000734.fna,0
1919,BGC0000144.fasta,0
1920,BGC0000249.fna,0
1921,BGC0002334.fasta,0
1922,BGC0001173.fasta,0
1923,BGC0002149.fna,1
1924,BGC0000065.fasta,0
1925,BGC0001083.fasta,0
1926,BGC0001819_venemycin.fasta,0
1927,MW490597.1.fasta,1
1928,BGC0001408.fna,0
1929,BGC0001164.fasta,0
1930,BGC0000687.fna,0
1931,BGC0001831.fna,0
1932,BGC0000972.fasta,1
1933,BGC0000644.fna,0
1934,BGC0001310.fna,0
1935,BGC0002140.fna,0
1936,BGC0002653.fna,1
1937,BGC0001093.fasta,1
1938,BGC0001924.fna,0
1939,BGC0002190.fasta,0
1940,valclavam.fasta,0
1941,carbpapenem_MM_4550.fasta,0
1942,BGC0001670.fasta,0
1943,BGC0001813_tyrobetaine.fasta,1
1944,BGC0001758_rhizomide_C.fasta,1
1945,BGC0000797.fna,0
1946,BGC0000205.fna,0
1947,BGC0001287.fasta,0
1948,BGC0002320.fna,0
1949,BGC0001877.fna,0
1950,BGC0002713.fna,1
1951,asukamycin.fasta,0
1952,pyralomicin.fasta,1
1953,thiostrepton.fasta,0
1954,BGC0001751_pyxipyrrolone_B.fasta,1
1955,BGC0000665.fna,0
1956,BGC0001535.fna,0
1957,BGC0000282.fna,0
1958,BGC0001520_aurantinins_B_D.fasta,0
1959,tridecaptin.fasta,1
1960,BGC0001483.fna,0
1961,A40926.fasta,1
1962,BGC0000843.fna,0
1963,cyclothiazomycin.fasta,0
1964,TP-1161.fasta,0
1965,salivaricin_9.fasta,0
1966,eco-02301.fasta,0
1967,BGC0000827.fasta,0
1968,BGC0001838.fna,1
1969,BGC0000365.fna,1
1970,Neoantimycin_A.fasta,1
1971,A-500359.fasta,1
1972,BGC0000522.fasta,0
1973,OL310481.1.fasta,1
1974,hydroxysporine.fasta,0
1975,BGC0002746.fasta,0
1976,BGC0000719.fasta,0
1977,BGC0001578_duclauxin.fasta,0
1978,BGC0000676.fna,0
1979,BGC0001506_anantin_B2.fasta,0
1980,BGC0001708_novofumigatonin.fasta,0
1981,azinomycin_B.fasta,1
1982,MK423958.1.fasta,0
1983,BGC0000444.fasta,1
1984,BGC0001381.fasta,0
1985,BGC0000869.fna,0
1986,BGC0001205.fasta,0
1987,indolmycin_streptomyces.fasta,0
1988,BGC0000137.fasta,0
1989,BGC0000838.fasta,0
1990,soraphen.fasta,0
1991,BGC0002154.fasta,0
1992,BGC0001370.fasta,1
1993,BGC0002512.fna,1
1994,BGC0000438.fasta,1
1995,BGC0000737.fna,0
1996,BGC0001764_s56_p1.fasta,1
1997,BGC0000675.fna,0
1998,macrolactin.fasta,0
1999,BGC0002286.fna,1
2000,BGC0001297.fna,1
2001,BGC0000518.fasta,0
2002,BGC0001239.fna,0
2003,BGC0000419.fasta,1
2004,BGC0002007.fna,0
2005,BGC0001518_astellolide.fasta,0
2006,BGC0001300.fasta,0
2007,BGC0000532.fasta,0
2008,BGC0002477.fna,0
2009,BGC0001184.fna,0
2010,BGC0001510.fna,0
2011,BGC0002008.fna,0
2012,bovicin_hj50.fasta,0
2013,BGC0002678.fna,1
2014,LC466032.1.fasta,0
2015,BGC0001070.fna,1
2016,BGC0001635_kistamicin_A.fasta,1
2017,MK047651.1.fasta,1
2018,BGC0000650.fasta,0
2019,BGC0000892.fna,0
2020,BGC0002314.fna,1
2021,BGC0002457.fasta,1
2022,BGC0000859.fasta,0
2023,BGC0000363.fna,1
2024,BGC0002566.fna,0
2025,BGC0000749.fna,0
2026,BGC0001015.fasta,1
2027,BGC0000855.fasta,0
2028,BGC0002001.fna,1
2029,virginiamycin.fasta,1
2030,myxalamid.fasta,1
2031,BGC0001118.fasta,0
2032,trifolitoxin.fasta,0
2033,BGC0001363.fna,1
2034,rishirilide_B.fasta,0
2035,pyripyropene.fasta,0
2036,BGC0002432.fasta,1
2037,BGC0001969.fna,0
2038,BGC0002171.fna,1
2039,BGC0002553.fasta,0
2040,BGC0001390.fasta,1
2041,BGC0000915.fna,0
2042,BGC0002038.fasta,0
2043,BGC0000057.fasta,0
2044,MK388865.1.fasta,0
2045,BGC0002301.fna,0
2046,BGC0001846.fasta,1
2047,BGC0001285.fna,0
2048,BGC0001398.fasta,0
2049,BGC0002204.fna,1
2050,BGC0002422.fna,1
2051,BGC0000804.fna,0
2052,BGC0002128.fna,0
2053,subtilin.fasta,0
2054,TAN-1612.fasta,0
2055,BGC0000091.fasta,0
2056,BGC0001499_aerobactin.fasta,0
2057,BGC0002355.fna,0
2058,BGC0000373.fasta,1
2059,MT511054.1.fasta,1
2060,BGC0001783.fna,0
2061,BGC0002596.fna,0
2062,BGC0002068.fasta,1
2063,BGC0000367.fasta,1
2064,BGC0002272.fasta,1
2065,acidocin_B.fasta,0
2066,BGC0000837.fna,0
2067,BGC0000585.fasta,0
2068,BGC0000189.fna,0
2069,BGC0001712.fna,0
2070,chlortetracycline.fasta,0
2071,bacitracin.fasta,1
2072,MT520811.1.fasta,0
2073,BGC0002379.fasta,1
2074,vibriobactin.fasta,1
2075,BGC0000767.fna,0
2076,BGC0000653.fna,0
2077,BGC0001389.fna,1
2078,BGC0001498_aerobactin.fasta,0
2079,MT371051.1.fasta,0
2080,BGC0002532.fna,1
2081,BGC0000673.fna,0
2082,BGC0000849.fasta,0
2083,BGC0000024.fna,0
2084,BGC0002290.fna,0
2085,BGC0001655_LP2006.fasta,0
2086,MK047367.1.fasta,1
2087,BGC0002308.fna,0
2088,BGC0001411.fna,0
2089,BGC0001136.fasta,1
2090,frontalamide.fasta,1
2091,BGC0001948.fna,0
2092,BGC0000899.fna,0
2093,BGC0000482.fasta,0
2094,BGC0000347.fna,1
2095,AmfS.fasta,0
2096,enniatin.fasta,1
2097,BGC0001680.fna,0
2098,BGC0000314.fasta,1
2099,streptomonomicin.fasta,0
2100,BGC0000320.fasta,1
2101,ferrichrome.fasta,0
2102,BGC0001743_plantaricyclin.fasta,0
2103,BGC0002421.fna,1
2104,streptin.fasta,0
2105,xenoamicin.fasta,1
2106,BGC0002418.fasta,1
2107,BGC0000158.fasta,0
2108,butirosin.fasta,0
2109,BGC0001027.fasta,1
2110,BGC0000770.fna,0
2111,BGC0002618.fna,0
2112,tartrolon.fasta,0
2113,BGC0001342.fasta,1
2114,BGC0002718.fna,1
2115,BGC0001479_nostamide_A.fasta,1
2116,BGC0002413.fasta,1
2117,enterocin_NKR-5-3B.fasta,0
2118,tetronomycin.fasta,0
2119,BGC0000715.fna,0
2120,BGC0001574_diisonitrile_antibiotic_SF2768.fasta,1
2121,carnocyclin.fasta,0
2122,LC420052.1.fasta,0
2123,BGC0001412.fna,0
2124,microbisporicin.fasta,0
2125,BGC0002573.fna,0
2126,BGC0001881.fna,1
2127,BGC0001644_lacunalides.fasta,0
2128,BGC0000933.fna,0
2129,BGC0001090.fasta,1
2130,BGC0002258.fna,0
2131,BGC0000820.fna,0
2132,BGC0001161.fasta,0
2133,platinum_vulnibactin.fasta,1
2134,LT797838.1.fasta,0
2135,BGC0001421_myxochromide_B2.fasta,1
2136,BGC0001779_siamycin.fasta,0
2137,BGC0000864.fna,0
2138,BGC0000761.fna,0
2139,granaticin.fasta,0
2140,BGC0001426.fasta,1
2141,delftibactin.fasta,1
2142,BGC0000649.fna,0
2143,BGC0000283.fna,0
2144,AT2433.fasta,0
2145,BGC0001853.fna,1
2146,BGC0001460_decaplanin.fasta,1
2147,BGC0002537.fna,0
2148,muraymycin.fasta,1
2149,MK830994.1.fasta,0
2150,BGC0002083.fna,0
2151,BGC0000198.fasta,0
2152,calicheamicin.fasta,0
2153,LinearmycinA.fasta,0
2154,BGC0000620.fasta,0
2155,pyridomycin.fasta,1
2156,BGC0001023.fasta,1
2157,MT361594.1.fasta,0
2158,BGC0001368.fasta,1
2159,BGC0001154.fasta,0
2160,SF2575.fasta,0
2161,BGC0001763_rufomycin.fasta,1
2162,BGC0000474.fasta,0
2163,paraherquamide.fasta,1
2164,BGC0002533.fasta,1
2165,BGC0001771_scleric_acid.fasta,1
2166,BGC0002115.fasta,0
2167,teixobactin.fasta,1
2168,MN068049.1.fasta,1
2169,BGC0002647.fna,0
2170,BGC0002092.fasta,1
2171,BGC0002240.fna,0
2172,BGC0001854.fna,0
2173,BGC0002747.fasta,0
2174,Paerucumarin.fasta,0
2175,BGC0001385.fasta,0
2176,mycophenolic_acid.fasta,0
2177,BGC0001732.fna,0
2178,MK424349.1.fasta,0
2179,BGC0002275.fna,1
2180,BGC0000468.fasta,0
2181,BGC0000618.fasta,0
2182,BGC0002472.fna,1
2183,MT001874.1.fasta,1
2184,BGC0001776.fna,0
2185,BGC0001526_bartolosides_K.fasta,0
2186,BGC0000235.fasta,0
2187,JBIR-34.fasta,1
2188,BGC0002293.fna,1
2189,BGC0001541_cercosporin.fasta,0
2190,BGC0002685.fna,1
2191,BGC0001451.fasta,1
2192,filipin.fasta,0
2193,BGC0002230.fasta,1
2194,BGC0002603.fna,0
2195,BGC0002358.fna,0
2196,nostopeptolide.fasta,1
2197,BGC0001552_citrulassin_F.fasta,0
2198,BGC0001825_xenematides.fasta,1
2199,BGC0002267.fna,0
2200,BGC0001566.fasta,0
2201,LC375136.1.fasta,1
2202,BGC0001879.fna,0
2203,BGC0002248.fna,1
2204,LC406090.1.fasta,0
2205,BGC0001596_fluostatins_M.fasta,0
2206,BGC0000936.fasta,0
2207,BGC0001517_asperphenamate.fasta,1
2208,BGC0000661.fna,0
2209,chrysomycin.fasta,0
2210,BGC0002191.fna,0
2211,BGC0002451.fasta,0
2212,BGC0001844.fna,1
2213,BK010852.1.fasta,1
2214,MW175861.1.fasta,0
2215,BGC0002004.fasta,0
2216,BGC0000844.fna,0
2217,BGC0002107.fna,1
2218,BGC0001298.fasta,0
2219,BGC0002117.fasta,1
2220,acetylaszonalenin.fasta,1
2221,BGC0002174.fna,1
2222,BGC0000794.fna,0
2223,BGC0001327_Rakicidin_B.fasta,1
2224,bacillaene.fasta,1
2225,BGC0000885.fasta,0
2226,BGC0002373.fna,1
2227,BGC0001511_ansamitocin_P_3.fasta,0
2228,BGC0002071.fasta,1
2229,BGC0001621_imizoquins.fasta,1
2230,BE-14106.fasta,0
2231,BGC0000608.fasta,0
2232,BGC0001030.fasta,1
2233,BGC0001617.fna,0
2234,BGC0000451.fasta,1
2235,BGC0002670.fna,0
2236,neocarzilin.fasta,0
2237,tabtoxin.fasta,0
2238,bafilomycin.fasta,0
2239,BGC0000853.fasta,0
2240,BGC0002250.fna,1
2241,chaetocin.fasta,1
2242,micacocidin.fasta,1
2243,BGC0001240.fasta,1
2244,BGC0000381.fasta,1
2245,BGC0002283.fna,0
2246,viridisamide.fasta,0
2247,BGC0002309.fna,0
2248,BGC0000925.fna,0
2249,BGC0000284.fasta,0
2250,BGC0002367.fna,1
2251,BGC0000754.fna,0
2252,BGC0001892.fna,0
2253,BGC0002259.fna,1
2254,lactocillin.fasta,0
2255,BGC0000759.fna,0
2256,BGC0001273.fasta,0
2257,BGC0001733_PcpA.fasta,0
2258,BGC0002708.fna,0
2259,entianin.fasta,0
2260,neomycin.fasta,0
2261,rosamicin.fasta,0
2262,MT543149.1.fasta,0
2263,BGC0002349.fna,0
2264,BGC0001475.fna,0
2265,BGC0002035.fna,1
2266,rimocidin.fasta,0
2267,tobramycin.fasta,0
2268,BGC0000396.fasta,1
2269,abyssomicin.fasta,0
2270,pep5.fasta,0
2271,BGC0001047.fasta,1
2272,BGC0002284.fna,0
2273,BGC0002000.fna,0
2274,bassianolide.fasta,1
2275,BGC0002090.fasta,1
2276,Polyoxin.fasta,0
2277,iturin.fasta,1
2278,taromycin.fasta,1
2279,BGC0000353.fasta,1
2280,BGC0002328.fasta,0
2281,BGC0001671.fna,1
2282,BGC0001947.fna,0
2283,BGC0001544_chlorflavonin.fasta,1
2284,AY522504.1.fasta,1
2285,BGC0000026.fasta,0
2286,BGC0002502.fasta,0
2287,geobacillin_II.fasta,0
2288,BGC0000416.fasta,1
2289,BGC0000658.fna,0
2290,arginomycin.fasta,0
2291,BGC0001290.fasta,1
2292,BGC0002679.fna,1
2293,monascorubrin.fasta,0
2294,geldanamycin.fasta,0
2295,BGC0001721_ornibactin.fasta,1
2296,carnolycin.fasta,0
2297,BGC0000751.fna,0
2298,MW160162.1.fasta,1
2299,MW452943.1.fasta,0
2300,BGC0001143.fasta,0
2301,BGC0002033.fna,0
2302,BGC0000979.fasta,1
2303,BGC0001625_isofuranonaphthoquinone.fasta,0
2304,BGC0002285.fasta,0
2305,BGC0002069.fna,0
2306,BGC0001474_thiopeptin.fasta,0
2307,BGC0002410.fna,1
2308,dothistromin.fasta,0
2309,BGC0001440.fna,0
2310,tylactone.fasta,0
2311,BGC0002711.fna,0
2312,BGC0001141.fasta,0
2313,caulonodin.fasta,0
2314,BGC0001679_N_acetyltryptophan.fasta,1
2315,BGC0001852.fna,0
2316,BGC0001153.fasta,1
2317,BGC0002305.fasta,0
2318,octapeptin_from_b_circulan_ATCC31805.fasta,1
2319,BGC0002345.fna,0
2320,BGC0000908.fasta,0
2321,notoamide.fasta,1
2322,BGC0001999.fna,1
2323,BGC0001858.fna,0
2324,BGC0002238.fna,0
2325,BGC0001267.fna,0
2326,BGC0002448.fna,1
